seed,depth,mode,dig_different_cells,initialized_different_cells,entry_different_cells,dig_to_entry_cells,initialized_to_entry_cells,entry_sha256
1,1,baseline,0,0,0,15,3,c4714213ae1a3f6553f45d3b2352f630eb0b97620528970de1bb47f116806762
1,13,baseline,0,0,0,15,4,5f516b84c6cdb693c1b1ee2134195479de073c92545eb2103a0fd4d7b255618e
1,13,direct,432,443,443,,,
1,13,no-items,0,25,36,,,
1,13,no-monsters,0,0,13,,,
1,13,no-env,0,0,11,,,
1,26,baseline,0,0,0,9,0,008a999b2c13b5a12f092f7a0a9571bcb8527bb647f6b1ac204371c03cff4aa8
1,26,direct,532,555,583,,,
1,26,no-items,0,6,8,,,
1,26,no-monsters,0,0,27,,,
1,26,no-env,0,0,0,,,
12345,1,baseline,0,0,0,9,0,17463d71f4b870a14995d477b9d3fd4a2708233e0e701903aefbd9c68cfd3803
12345,13,baseline,0,0,0,27,15,87a974dd372d92d5d702e3978b4c1e651fda44f312e6f83679839a64b8054fa2
12345,13,direct,580,598,610,,,
12345,13,no-items,0,3,32,,,
12345,13,no-monsters,0,0,27,,,
12345,13,no-env,0,0,24,,,
12345,26,baseline,0,0,0,33,18,450fb4a5b44353d6a0c0bf01e96460b74b27e07ed89f4f0f28d5ac793236e184
12345,26,direct,416,439,449,,,
12345,26,no-items,0,3,11,,,
12345,26,no-monsters,0,0,28,,,
12345,26,no-env,0,0,23,,,
4294967295,1,baseline,0,0,0,12,1,2112b0a0163df2c1ae7ad76ba84d3feaa8b4ed0e3a9d4e10862e77ee8d172077
4294967295,13,baseline,0,0,0,12,0,0940246f8d13dcac528cc4b9490d6dec7dfca8bb185f0577434bbd66939a182a
4294967295,13,direct,276,290,290,,,
4294967295,13,no-items,0,25,22,,,
4294967295,13,no-monsters,0,0,0,,,
4294967295,13,no-env,0,0,0,,,
4294967295,26,baseline,0,0,0,13,3,5918522c4422c6ba9b0cfa824eecd8fbd341bc59d7cdd00801c1b880554b640d
4294967295,26,direct,478,490,493,,,
4294967295,26,no-items,0,4,8,,,
4294967295,26,no-monsters,0,0,14,,,
4294967295,26,no-env,0,0,2,,,
4294967296,1,baseline,0,0,0,16,0,76d6eb5bd4a28ff424d368e45ff750ed1b0cd09385d1125df260ce42a5fc676f
4294967296,13,baseline,0,0,0,23,0,f5a158bd5b1d53aa0611eec9043b86786896ac735c152d2d5be5ff1fec1e3bbc
4294967296,13,direct,446,462,462,,,
4294967296,13,no-items,0,31,24,,,
4294967296,13,no-monsters,0,0,1,,,
4294967296,13,no-env,0,0,0,,,
4294967296,26,baseline,0,0,0,169,160,9f2547dfb82460b5c0fa192f61fc92f4c88f8bfa769898ae001119c6b5a5476c
4294967296,26,direct,436,439,601,,,
4294967296,26,no-items,0,0,184,,,
4294967296,26,no-monsters,0,0,187,,,
4294967296,26,no-env,0,0,201,,,
18446744073709551614,1,baseline,0,0,0,12,0,2e57a9a7506e12c74aaa6cee3f84f99217000f01a84012ce60697eb679caa517
18446744073709551614,13,baseline,0,0,0,11,1,96be45fdf8227519b4881f411f35ef35262e6aefdbe366ea370585f9384432e0
18446744073709551614,13,direct,312,324,325,,,
18446744073709551614,13,no-items,0,19,21,,,
18446744073709551614,13,no-monsters,0,0,0,,,
18446744073709551614,13,no-env,0,0,0,,,
18446744073709551614,26,baseline,0,0,0,170,164,44c67b99b73f1c1b411ca8881a0ec50f5849ff8d06aa174734a78395005458ee
18446744073709551614,26,direct,363,371,521,,,
18446744073709551614,26,no-items,0,0,157,,,
18446744073709551614,26,no-monsters,0,0,150,,,
18446744073709551614,26,no-env,0,0,108,,,
1,13,reset-rewards,432,432,432,,,
1,13,reset-metered,0,0,6,,,
1,26,reset-rewards,532,561,594,,,
1,26,reset-metered,0,0,0,,,
12345,13,reset-rewards,580,627,632,,,
12345,13,reset-metered,0,0,0,,,
12345,26,reset-rewards,416,439,440,,,
12345,26,reset-metered,0,7,27,,,
4294967295,13,reset-rewards,276,292,292,,,
4294967295,13,reset-metered,0,0,0,,,
4294967295,26,reset-rewards,478,484,486,,,
4294967295,26,reset-metered,0,8,21,,,
4294967296,13,reset-rewards,446,462,462,,,
4294967296,13,reset-metered,0,11,11,,,
4294967296,26,reset-rewards,436,446,616,,,
4294967296,26,reset-metered,0,2,4,,,
18446744073709551614,13,reset-rewards,312,324,325,,,
18446744073709551614,13,reset-metered,0,15,15,,,
18446744073709551614,26,reset-rewards,363,379,545,,,
18446744073709551614,26,reset-metered,0,0,0,,,
